关注数,粉丝数,vip等级,阳光信用,点赞数,评论数,转发数,注册时间,微博总数,用户名称,微博认证
1045,5,会员等级：未开通 ,信用一般,0,0,0,2020-08-07,5,用户7489443433 男/其他         ,无
644,32,会员等级：未开通 ,信用较好,1,0,1,2015-08-20,1,别他妈说话 男/江苏         ,无
1258,251,会员等级：2级 ,信用较好,6,5,6,2017-04-13,6,带土琳陪玩,无
229,65,会员等级：未开通 ,信用较好,3,5,3,2018-05-04,12,虎牙丶南慕zz 男/上海         ,无
242,213,会员等级：4级 ,信用较好,35,60,35,2018-01-10,41,鸡肉味鸡排,无
349,350,会员等级：未开通 ,信用较好,58,56,58,2019-01-07,58,臭宝陪玩店 女/海外         ,无
544,1471,会员等级：未开通 ,信用较好,38,29,38,2014-08-19,69,我吃点怎么了 女/其他         ,无
308,318,会员等级：未开通 ,信用较好,1030,744,1030,2016-07-31,133,逃辣妹 女/其他         ,无
335,319,会员等级：2级 ,信用一般,1062,673,1062,2013-08-04,164,小孤魂,无
864,931,会员等级：7级 ,信用较好,471,943,471,2014-02-13,1039,希望你会喜欢·,无
1089,3162,会员等级：6级 ,信用较好,1456,1671,1456,2011-09-30,4314,渡边摸鱼酱,无
1050,2538,会员等级：6级 ,信用较好,182,162,182,2015-01-23,8962,小野菜菜o,无
492,2794,会员等级：6级 ,信用较好,1223,950,1223,2013-11-20,541,不亏欠,无
915,1266,会员等级：6级 ,信用较好,4403,4836,4403,2014-11-08,622,阔阔神,无
2138,352,会员等级：1级 ,信用较好,94,81,94,2013-07-12,1862,默染琉璃殇你ADC我辅助,我辅助 
